{
    "metadata":{
        "position":64,
        "generator":"io_three",
        "version":3,
        "normal":64,
        "type":"BufferGeometry"
    },
    "data":{
        "index":{
            "itemSize":1,
            "array":[0,1,2,3,4,5,6,7,8,9,10,11,12,13,14,15,16,17,18,19,19,20,21,22,23,24,24,19,23,23,24,18,18,25,26,27,28,29,30,5,31,32,33,34,35,0,36,1,3,37,4,38,39,40,41,42,43,44,45,46,47,48,49,50,51,52,53,54,55,18,18,19,20,56,21,23,23,24,19,19,23,24,24,18,57,58,59,28,60,29,5,4,31,61,62,63],
            "type":"Uint16Array"
        },
        "attributes":{
            "position":{
                "itemSize":3,
                "array":[0.378941,4.66498,-2.23087,-0.378941,4.66498,2.23087,-0.37894,4.66498,-2.23087,-0.378941,0.0732996,-2.23087,0.37894,0.0732996,2.23087,0.378941,0.0732996,-2.23087,0.378941,2.36914,-2.23087,0.378941,4.66498,2.23087,0.378941,4.66498,-2.23087,0.37894,2.36914,2.23087,-0.378941,0.0732996,2.23087,-0.378941,4.66498,2.23087,-0.378941,4.66498,2.23087,-0.378941,0.0732996,-2.23087,-0.37894,4.66498,-2.23087,0.378941,2.36914,-2.23087,-0.37894,4.66498,-2.23087,-0.378941,0.0732996,-2.23087,0.378941,2.36914,-2.23087,0.37894,2.36914,2.23087,0.378941,2.36914,-2.23087,1.35141,2.36914,2.23087,0.37894,2.36914,2.23087,0.37894,0.0732996,2.23087,0.378941,0.0732996,-2.23087,1.35141,2.36914,2.23087,1.35141,0.0732996,-2.23087,1.35141,0.0732996,2.23087,0.37894,2.36914,2.23087,1.35141,0.0732996,2.23087,0.37894,0.0732996,2.23087,1.35141,0.0732996,2.23087,1.35141,0.0732996,-2.23087,0.378941,0.0732996,-2.23087,1.35141,2.36914,-2.23087,0.378941,2.36914,-2.23087,0.378941,4.66498,2.23087,-0.378941,0.0732996,2.23087,0.378941,2.36914,-2.23087,0.37894,2.36914,2.23087,0.378941,4.66498,2.23087,-0.378941,4.66498,2.23087,0.378941,4.66498,2.23087,0.37894,2.36914,2.23087,0.37894,2.36914,2.23087,0.37894,0.0732996,2.23087,-0.378941,0.0732996,2.23087,-0.378941,4.66498,2.23087,-0.378941,0.0732996,2.23087,-0.378941,0.0732996,-2.23087,-0.378941,0.0732996,-2.23087,0.378941,0.0732996,-2.23087,0.378941,2.36914,-2.23087,0.378941,2.36914,-2.23087,0.378941,4.66498,-2.23087,-0.37894,4.66498,-2.23087,1.35141,2.36914,-2.23087,1.35141,2.36914,2.23087,1.35141,2.36914,-2.23087,1.35141,0.0732996,-2.23087,1.35141,2.36914,2.23087,0.378941,0.0732996,-2.23087,1.35141,0.0732996,-2.23087,1.35141,2.36914,-2.23087],
                "type":"Float32Array"
            },
            "normal":{
                "itemSize":3,
                "array":[0,-1,0,0,-1,0,0,-1,0,0,1,0,0,1,0,0,1,0,-1,-3.8943e-08,0,-1,-3.8943e-08,0,-1,-3.8943e-08,0,1.41564e-06,5.1924e-08,-1,1.41564e-06,5.1924e-08,-1,1.41564e-06,5.1924e-08,-1,1,-2.5962e-08,4.67567e-08,1,-2.5962e-08,4.67567e-08,1,-2.5962e-08,4.67567e-08,-1.41564e-06,1.55772e-07,1,-1.41564e-06,1.55772e-07,1,-1.41564e-06,1.55772e-07,1,0,0,0,0,0,0,0,-1,-0,0,-1,-0,0,-1,-0,0,0,0,0,0,0,-1,5.19239e-08,-1.06872e-07,-1,5.19239e-08,-1.06872e-07,-1,5.19239e-08,-1.06872e-07,0,-4.15392e-07,-1,0,-4.15392e-07,-1,0,-4.15392e-07,-1,0,1,0,0,1,0,-0,2.07696e-07,1,-0,2.07696e-07,1,-0,2.07696e-07,1,0,-1,0,0,1,0,-1,6.4905e-08,-5.34362e-08,-1,6.4905e-08,-5.34362e-08,-1,6.4905e-08,-5.34362e-08,6.29171e-07,-2.07696e-07,-1,6.29171e-07,-2.07696e-07,-1,6.29171e-07,-2.07696e-07,-1,2.83127e-06,-4.15392e-07,-1,2.83127e-06,-4.15392e-07,-1,2.83127e-06,-4.15392e-07,-1,1,-1.94715e-08,4.00772e-08,1,-1.94715e-08,4.00772e-08,1,-1.94715e-08,4.00772e-08,-1.57293e-06,2.07696e-07,1,-1.57293e-06,2.07696e-07,1,-1.57293e-06,2.07696e-07,1,-1.25834e-06,2.07696e-07,1,-1.25834e-06,2.07696e-07,1,-1.25834e-06,2.07696e-07,1,-0,-1,-0,-1,-5.1924e-08,-5.34362e-08,-1,-5.1924e-08,-5.34362e-08,-1,-5.1924e-08,-5.34362e-08,-0,-4.15392e-07,-1,-2.45167e-07,3.11544e-07,1,-2.45167e-07,3.11544e-07,1,-2.45167e-07,3.11544e-07,1],
                "type":"Float32Array"
            }
        },
        "groups":[{
            "start":0,
            "count":96,
            "materialIndex":0
        }]
    }
}