{
    "metadata":{
        "version":3,
        "type":"BufferGeometry",
        "generator":"io_three",
        "normal":334,
        "position":334
    },
    "data":{
        "attributes":{
            "normal":{
                "array":[0.0980172,0,-0.995185,0.0980172,0,-0.995185,0.0980172,0,-0.995185,0.290285,0,-0.95694,0.290285,0,-0.95694,0.290285,0,-0.95694,0.471397,0,-0.881921,0.471397,0,-0.881921,0.471397,0,-0.881921,0.634394,0,-0.77301,0.634394,0,-0.77301,0.634394,0,-0.77301,0.77301,0,-0.634394,0.77301,0,-0.634394,0.77301,0,-0.634394,0.881921,0,-0.471397,0.881921,0,-0.471397,0.881921,0,-0.471397,0.95694,0,-0.290285,0.95694,0,-0.290285,0.95694,0,-0.290285,0.995185,0,-0.0980172,0.995185,0,-0.0980172,0.995185,0,-0.0980172,0.995185,0,0.0980172,0.995185,0,0.0980172,0.995185,0,0.0980172,0.95694,0,0.290284,0.95694,0,0.290284,0.95694,0,0.290284,0.881921,0,0.471397,0.881921,0,0.471397,0.881921,0,0.471397,0.77301,0,0.634393,0.77301,0,0.634393,0.77301,0,0.634393,0.634394,0,0.77301,0.634394,0,0.77301,0.634394,0,0.77301,0.471397,0,0.881921,0.471397,0,0.881921,0.471397,0,0.881921,0.290284,0,0.956941,0.290284,0,0.956941,0.290284,0,0.956941,0.0980171,0,0.995185,0.0980171,0,0.995185,0.0980171,0,0.995185,-0.0980174,0,0.995185,-0.0980174,0,0.995185,-0.0980174,0,0.995185,-0.290285,0,0.95694,-0.290285,0,0.95694,-0.290285,0,0.95694,-0.471397,0,0.881921,-0.471397,0,0.881921,-0.471397,0,0.881921,-0.634394,0,0.77301,-0.634394,0,0.77301,-0.634394,0,0.77301,-0.773011,0,0.634393,-0.773011,0,0.634393,-0.773011,0,0.634393,-0.881922,0,0.471396,-0.881922,0,0.471396,-0.881922,0,0.471396,-0.956941,0,0.290284,-0.956941,0,0.290284,-0.956941,0,0.290284,-0.995185,0,0.0980164,-0.995185,0,0.0980164,-0.995185,0,0.0980164,-0.995185,0,-0.0980181,-0.995185,0,-0.0980181,-0.995185,0,-0.0980181,-0.95694,0,-0.290286,-0.95694,0,-0.290286,-0.95694,0,-0.290286,-0.881921,0,-0.471398,-0.881921,0,-0.471398,-0.881921,0,-0.471398,-0.77301,0,-0.634394,-0.77301,0,-0.634394,-0.77301,0,-0.634394,-0.634393,0,-0.773011,-0.634393,0,-0.773011,-0.634393,0,-0.773011,-0.471395,0,-0.881922,-0.471395,0,-0.881922,-0.471395,0,-0.881922,3.58884e-09,1,-5.04986e-08,3.58884e-09,1,-5.04986e-08,3.58884e-09,1,-5.04986e-08,-0.290283,0,-0.956941,-0.290283,0,-0.956941,-0.290283,0,-0.956941,-0.0980166,0,-0.995185,-0.0980166,0,-0.995185,-0.0980166,0,-0.995185,-4.27137e-11,-1,4.08159e-08,-4.27137e-11,-1,4.08159e-08,-4.27137e-11,-1,4.08159e-08,0.0980172,0,-0.995185,0.290285,0,-0.95694,0.471397,0,-0.881921,0.471397,0,-0.881921,0.471397,0,-0.881921,0.634394,0,-0.77301,0.77301,0,-0.634393,0.77301,0,-0.634393,0.77301,0,-0.634393,0.881921,0,-0.471397,0.881921,0,-0.471397,0.881921,0,-0.471397,0.95694,0,-0.290285,0.95694,0,-0.290285,0.95694,0,-0.290285,0.995185,-3.92297e-09,-0.0980172,0.995185,-3.92297e-09,-0.0980172,0.995185,-3.92297e-09,-0.0980172,0.995185,-0,0.0980172,0.995185,-0,0.0980172,0.995185,-0,0.0980172,0.95694,-0,0.290284,0.95694,-0,0.290284,0.95694,-0,0.290284,0.881921,-0,0.471397,0.881921,-0,0.471397,0.881921,-0,0.471397,0.77301,-0,0.634394,0.77301,-0,0.634394,0.77301,-0,0.634394,0.634394,-0,0.77301,0.471397,-0,0.881921,0.471397,-0,0.881921,0.471397,-0,0.881921,0.290284,-0,0.956941,0.0980171,-0,0.995185,-0.0980174,0,0.995185,-0.290285,0,0.95694,-0.471397,0,0.881921,-0.471397,0,0.881921,-0.471397,0,0.881921,-0.634394,0,0.77301,-0.773011,0,0.634393,-0.773011,0,0.634393,-0.773011,0,0.634393,-0.881922,0,0.471396,-0.881922,0,0.471396,-0.881922,0,0.471396,-0.956941,0,0.290284,-0.995185,3.92294e-09,0.0980164,-0.995185,3.92294e-09,0.0980164,-0.995185,3.92294e-09,0.0980164,-0.995185,0,-0.0980181,-0.995185,0,-0.0980181,-0.995185,0,-0.0980181,-0.95694,0,-0.290286,-0.95694,0,-0.290286,-0.95694,0,-0.290286,-0.881921,0,-0.471398,-0.881921,0,-0.471398,-0.881921,0,-0.471398,-0.77301,0,-0.634394,-0.77301,0,-0.634394,-0.77301,0,-0.634394,-0.634393,0,-0.773011,-0.471395,0,-0.881922,-0.471395,0,-0.881922,-0.471395,0,-0.881922,0,1,0,0,1,0,0,1,0,0,1,0,0,1,0,0,1,0,0,1,0,3.69177e-07,1,1.9733e-07,3.69177e-07,1,1.9733e-07,3.69177e-07,1,1.9733e-07,4.1659e-07,1,4.10309e-08,4.1659e-07,1,4.10309e-08,4.1659e-07,1,4.10309e-08,-1.35259e-07,1,-6.87393e-08,-1.35259e-07,1,-6.87393e-08,-1.35259e-07,1,-6.87393e-08,1.3791e-07,1,-4.18342e-08,1.3791e-07,1,-4.18342e-08,1.3791e-07,1,-4.18342e-08,7.18326e-08,1,-1.30995e-07,7.18326e-08,1,-1.30995e-07,7.18326e-08,1,-1.30995e-07,-1.09262e-07,1,8.96686e-08,-1.09262e-07,1,8.96686e-08,-1.09262e-07,1,8.96686e-08,-2.65561e-07,1,3.23586e-07,-2.65561e-07,1,3.23586e-07,-2.65561e-07,1,3.23586e-07,0,1,0,0,1,0,0,1,0,0,1,0,0,1,0,2.6556e-07,1,3.23586e-07,2.6556e-07,1,3.23586e-07,2.6556e-07,1,3.23586e-07,-3.23586e-07,1,-2.6556e-07,-3.23586e-07,1,-2.6556e-07,-3.23586e-07,1,-2.6556e-07,-4.00582e-07,1,-1.21515e-07,-4.00582e-07,1,-1.21515e-07,-4.00582e-07,1,-1.21515e-07,1.40665e-07,1,-1.38543e-08,1.40665e-07,1,-1.38543e-08,1.40665e-07,1,-1.38543e-08,-1.43421e-07,1,-4.18344e-08,-1.43421e-07,1,-4.18344e-08,-1.43421e-07,1,-4.18344e-08,-3.69177e-07,1,1.97329e-07,-3.69177e-07,1,1.97329e-07,-3.69177e-07,1,1.97329e-07,0,1,0,0,1,0,-1.13203e-08,1,-5.69111e-08,-1.13203e-08,1,-5.69111e-08,-1.13203e-08,1,-5.69111e-08,7.95034e-09,1,-3.9969e-08,7.95034e-09,1,-3.9969e-08,7.95034e-09,1,-3.9969e-08,-1.46903e-08,1,-7.3853e-08,-1.46903e-08,1,-7.3853e-08,-1.46903e-08,1,-7.3853e-08,2.95814e-08,1,-2.95814e-08,2.95814e-08,1,-2.95814e-08,2.95814e-08,1,-2.95814e-08,-1.12434e-08,1,-4.18344e-08,-1.12434e-08,1,-4.18344e-08,-1.12434e-08,1,-4.18344e-08,3.39609e-08,1,-5.08261e-08,3.39609e-08,1,-5.08261e-08,3.39609e-08,1,-5.08261e-08,-1.73283e-08,1,-4.18344e-08,-1.73283e-08,1,-4.18344e-08,-1.73283e-08,1,-4.18344e-08,-2.53766e-09,1,-3.57079e-08,-2.53766e-09,1,-3.57079e-08,-2.53766e-09,1,-3.57079e-08,-0.290283,0,-0.956941,-0.0980166,0,-0.995185,-0,-1,0,-0,-1,0,-0,-1,0,-1.21515e-07,-1,4.00581e-07,-1.21515e-07,-1,4.00581e-07,-1.21515e-07,-1,4.00581e-07,0,-1,0,0,-1,0,0,-1,0,-1.98931e-07,-1,1.98931e-07,-1.98931e-07,-1,1.98931e-07,-1.98931e-07,-1,1.98931e-07,6.89548e-08,-1,-2.09172e-08,6.89548e-08,-1,-2.09172e-08,6.89548e-08,-1,-2.09172e-08,4.1659e-07,-1,4.10306e-08,4.1659e-07,-1,4.10306e-08,4.1659e-07,-1,4.10306e-08,-1.46071e-07,-1,4.10306e-08,-1.46071e-07,-1,4.10306e-08,-1.46071e-07,-1,4.10306e-08,1.27098e-07,-1,6.79354e-08,1.27098e-07,-1,6.79354e-08,1.27098e-07,-1,6.79354e-08,1.00598e-07,-1,1.88205e-07,1.00598e-07,-1,1.88205e-07,1.00598e-07,-1,1.88205e-07,0,-1,0,0,-1,0,0,-1,0,0,-1,0,0,-1,0,0,-1,0,0,-1,0,0,-1,0,0,-1,0,0,-1,0,-2.6556e-07,-1,3.23586e-07,-2.6556e-07,-1,3.23586e-07,-2.6556e-07,-1,3.23586e-07,-3.69177e-07,-1,1.97329e-07,-3.69177e-07,-1,1.97329e-07,-3.69177e-07,-1,1.97329e-07,-4.1659e-07,-1,4.10302e-08,-4.1659e-07,-1,4.10302e-08,-4.1659e-07,-1,4.10302e-08,-4.00581e-07,-1,-1.21515e-07,-4.00581e-07,-1,-1.21515e-07,-4.00581e-07,-1,-1.21515e-07,-5.57012e-08,-1,-4.57129e-08,-5.57012e-08,-1,-4.57129e-08,-5.57012e-08,-1,-4.57129e-08,-8.96686e-08,-1,-1.09262e-07,-8.96686e-08,-1,-1.09262e-07,-8.96686e-08,-1,-1.09262e-07,1.21514e-07,-1,4.00581e-07,1.21514e-07,-1,4.00581e-07,1.21514e-07,-1,4.00581e-07,-7.03879e-14,-1,1.07218e-07,-7.03879e-14,-1,1.07218e-07,-7.03879e-14,-1,1.07218e-07,-6.68831e-15,-1,4.0752e-08,-6.68831e-15,-1,4.0752e-08,-6.68831e-15,-1,4.0752e-08,-2.8816e-08,-1,6.9568e-08,-2.8816e-08,-1,6.9568e-08,-2.8816e-08,-1,6.9568e-08,2.32419e-08,-1,3.4784e-08,2.32419e-08,-1,3.4784e-08,2.32419e-08,-1,3.4784e-08,2.78478e-10,-1,4.10305e-08,2.78478e-10,-1,4.10305e-08,2.78478e-10,-1,4.10305e-08,6.24645e-09,-1,4.69985e-08,6.24645e-09,-1,4.69985e-08,6.24645e-09,-1,4.69985e-08,1.8825e-08,-1,1.25784e-08,1.8825e-08,-1,1.25784e-08,1.8825e-08,-1,1.25784e-08,3.8561e-09,-1,4.3421e-08,3.8561e-09,-1,4.3421e-08,3.8561e-09,-1,4.3421e-08,-4.27091e-11,-1,4.08159e-08,-4.27091e-11,-1,4.08159e-08,-4.27091e-11,-1,4.08159e-08],
                "type":"Float32Array",
                "itemSize":3
            },